SampleID	SiteCode	SiteName	year	month	AlkalinityICPForests(µeq/l)
25PHINT	25	Tibi	2025	1	137.11991662150712
25PHEXT	25	Tibi	2025	1	63.65743267642594
25PHINT	25	Tibi	2025	3	126.14237210832022
25PHEXT	25	Tibi	2025	3	69.3105813216029
25PHINT	25	Tibi	2025	4	239.31700610412946
25PHEXT	25	Tibi	2025	4	187.93732476706828
25PHINT	25	Tibi	2025	5	469.4858772890292
25PHEXT	25	Tibi	2025	5	103.70304784153292
