SampleID	SiteCode	SiteName	year	month	AlkalinityICPForests(µeq/l)
06QIINT	6	Morella	2025	1	16.1585596625382
06QIEXT	6	Morella	2025	1	80.16112485984003
06QIINT	6	Morella	2025	3	73.43640070495938
06QIEXT	6	Morella	2025	3	42.19475888314215
06QIINT	6	Morella	2025	4	119.80880335405007
06QIEXT	6	Morella	2025	4	63.376117170744294
06QIINT	6	Morella	2025	5	173.05424244987216
06QIEXT	6	Morella	2025	5	58.18584911089404
06QIINT	6	Morella	2025	6	393.59512561185045
06QIEXT	6	Morella	2025	6	323.7524289028752
