SampleID	SiteCode	SiteName	year	month	AlkalinityICPForests(µeq/l)
07QIINT	7	Majadas	2025	1	11.656250207826316
07QIEXT	7	Majadas	2025	1	3.7274601586408336
07QIINT	7	Majadas	2025	2	0.0
07QIEXT	7	Majadas	2025	2	13.273284228606835
07QIINT	7	Majadas	2025	3	19.859384889337424
07QIEXT	7	Majadas	2025	3	12.26733041549934
07QIINT	7	Majadas	2025	4	142.4143446238682
07QIEXT	7	Majadas	2025	4	23.49745746599274
07QIINT	7	Majadas	2025	5	92.41884651134474
07QIEXT	7	Majadas	2025	5	17.608828526325766
